{
  "DEBUG_MODE": false,

  "YAW_OFFSET": 10000,
  "PITCH_OFFSET": 10000,

  "cameraMatrix": [1703.644268078446, 0.0000000000000000, 481.1952138116185,
    0.0000000000000000, 1691.869110898214, 316.3264515883633,
    0.0000000000000000, 0.0000000000000000, 1.0000000000000000],
  "distCoeffs": [-0.296860453472502,2.951345381759804,-0.02746950986029613,-0.01987256807529833,-16.03228778031147]
}
